<?xml version="1.0" encoding="UTF-8"?>
<export version="D">
  <design>
    <source>C:\Important\OneDrive\Documents\ECEN\ECEN494\bassDrum\datasheets\bassdrumpcb\bassDrum\bassDrum.sch</source>
    <date>2/20/2022 6:30:36 PM</date>
    <tool>Eeschema (5.1.6)-1</tool>
    <sheet number="1" name="/" tstamps="/">
      <title_block>
        <title/>
        <company/>
        <rev/>
        <date/>
        <source>bassDrum.sch</source>
        <comment number="1" value=""/>
        <comment number="2" value=""/>
        <comment number="3" value=""/>
        <comment number="4" value=""/>
      </title_block>
    </sheet>
  </design>
  <components>
    <comp ref="Q1">
      <value>2N3904</value>
      <footprint>Package_TO_SOT_THT:TO-92_Inline</footprint>
      <datasheet>https://www.fairchildsemi.com/datasheets/2N/2N3904.pdf</datasheet>
      <libsource lib="Transistor_BJT" part="2N3904" description="0.2A Ic, 40V Vce, Small Signal NPN Transistor, TO-92"/>
      <sheetpath names="/" tstamps="/"/>
      <tstamp>61700DAA</tstamp>
    </comp>
    <comp ref="Q2">
      <value>2N3904</value>
      <footprint>Package_TO_SOT_THT:TO-92_Inline</footprint>
      <datasheet>https://www.fairchildsemi.com/datasheets/2N/2N3904.pdf</datasheet>
      <libsource lib="Transistor_BJT" part="2N3904" description="0.2A Ic, 40V Vce, Small Signal NPN Transistor, TO-92"/>
      <sheetpath names="/" tstamps="/"/>
      <tstamp>61701809</tstamp>
    </comp>
    <comp ref="C2">
      <value>100nF</value>
      <footprint>Capacitor_SMD:C_0805_2012Metric</footprint>
      <datasheet>~</datasheet>
      <libsource lib="Device" part="C" description="Unpolarized capacitor"/>
      <sheetpath names="/" tstamps="/"/>
      <tstamp>617648D4</tstamp>
    </comp>
    <comp ref="D1">
      <value>D</value>
      <footprint>Diode_THT:D_DO-41_SOD81_P7.62mm_Horizontal</footprint>
      <datasheet>~</datasheet>
      <libsource lib="Device" part="D" description="Diode"/>
      <sheetpath names="/" tstamps="/"/>
      <tstamp>61767C11</tstamp>
    </comp>
    <comp ref="C1">
      <value>1uF</value>
      <footprint>Capacitor_SMD:C_0805_2012Metric</footprint>
      <datasheet>~</datasheet>
      <libsource lib="Device" part="C" description="Unpolarized capacitor"/>
      <sheetpath names="/" tstamps="/"/>
      <tstamp>6176954F</tstamp>
    </comp>
    <comp ref="R1">
      <value>1k</value>
      <footprint>Resistor_SMD:R_0805_2012Metric</footprint>
      <datasheet>~</datasheet>
      <libsource lib="Device" part="R" description="Resistor"/>
      <sheetpath names="/" tstamps="/"/>
      <tstamp>6176AE93</tstamp>
    </comp>
    <comp ref="R2">
      <value>100k</value>
      <footprint>Resistor_SMD:R_0805_2012Metric</footprint>
      <datasheet>~</datasheet>
      <libsource lib="Device" part="R" description="Resistor"/>
      <sheetpath names="/" tstamps="/"/>
      <tstamp>617640BC</tstamp>
    </comp>
    <comp ref="R3">
      <value>47k</value>
      <footprint>Resistor_SMD:R_0805_2012Metric</footprint>
      <datasheet>~</datasheet>
      <libsource lib="Device" part="R" description="Resistor"/>
      <sheetpath names="/" tstamps="/"/>
      <tstamp>6176D206</tstamp>
    </comp>
    <comp ref="R5">
      <value>4.7k</value>
      <footprint>Resistor_SMD:R_0805_2012Metric</footprint>
      <datasheet>~</datasheet>
      <libsource lib="Device" part="R" description="Resistor"/>
      <sheetpath names="/" tstamps="/"/>
      <tstamp>6176EB1C</tstamp>
    </comp>
    <comp ref="R4">
      <value>220</value>
      <footprint>Resistor_SMD:R_0805_2012Metric</footprint>
      <datasheet>~</datasheet>
      <libsource lib="Device" part="R" description="Resistor"/>
      <sheetpath names="/" tstamps="/"/>
      <tstamp>6176F438</tstamp>
    </comp>
    <comp ref="R6">
      <value>220</value>
      <footprint>Resistor_SMD:R_0805_2012Metric</footprint>
      <datasheet>~</datasheet>
      <libsource lib="Device" part="R" description="Resistor"/>
      <sheetpath names="/" tstamps="/"/>
      <tstamp>61790FE8</tstamp>
    </comp>
    <comp ref="C3">
      <value>100nF</value>
      <footprint>Capacitor_SMD:C_0805_2012Metric</footprint>
      <datasheet>~</datasheet>
      <libsource lib="Device" part="C" description="Unpolarized capacitor"/>
      <sheetpath names="/" tstamps="/"/>
      <tstamp>6178D701</tstamp>
    </comp>
    <comp ref="R7">
      <value>1M</value>
      <footprint>Resistor_SMD:R_0805_2012Metric</footprint>
      <datasheet>~</datasheet>
      <libsource lib="Device" part="R" description="Resistor"/>
      <sheetpath names="/" tstamps="/"/>
      <tstamp>61797DA5</tstamp>
    </comp>
    <comp ref="C4">
      <value>100nF</value>
      <footprint>Capacitor_SMD:C_0805_2012Metric</footprint>
      <datasheet>~</datasheet>
      <libsource lib="Device" part="C" description="Unpolarized capacitor"/>
      <sheetpath names="/" tstamps="/"/>
      <tstamp>6178F177</tstamp>
    </comp>
    <comp ref="R8">
      <value>470k</value>
      <footprint>Resistor_SMD:R_0805_2012Metric</footprint>
      <datasheet>~</datasheet>
      <libsource lib="Device" part="R" description="Resistor"/>
      <sheetpath names="/" tstamps="/"/>
      <tstamp>617CBA46</tstamp>
    </comp>
    <comp ref="R9">
      <value>470k</value>
      <footprint>Resistor_SMD:R_0805_2012Metric</footprint>
      <datasheet>~</datasheet>
      <libsource lib="Device" part="R" description="Resistor"/>
      <sheetpath names="/" tstamps="/"/>
      <tstamp>617CC16A</tstamp>
    </comp>
    <comp ref="R10">
      <value>47k</value>
      <footprint>Resistor_SMD:R_0805_2012Metric</footprint>
      <datasheet>~</datasheet>
      <libsource lib="Device" part="R" description="Resistor"/>
      <sheetpath names="/" tstamps="/"/>
      <tstamp>617D1A9A</tstamp>
    </comp>
    <comp ref="R11">
      <value>100</value>
      <footprint>Resistor_SMD:R_0805_2012Metric</footprint>
      <datasheet>~</datasheet>
      <libsource lib="Device" part="R" description="Resistor"/>
      <sheetpath names="/" tstamps="/"/>
      <tstamp>617DAA01</tstamp>
    </comp>
    <comp ref="C6">
      <value>10uF</value>
      <footprint>Capacitor_SMD:C_0805_2012Metric</footprint>
      <datasheet>~</datasheet>
      <libsource lib="Device" part="C" description="Unpolarized capacitor"/>
      <sheetpath names="/" tstamps="/"/>
      <tstamp>617DB37B</tstamp>
    </comp>
    <comp ref="R12">
      <value>220</value>
      <footprint>Resistor_SMD:R_0805_2012Metric</footprint>
      <datasheet>~</datasheet>
      <libsource lib="Device" part="R" description="Resistor"/>
      <sheetpath names="/" tstamps="/"/>
      <tstamp>617DBD53</tstamp>
    </comp>
    <comp ref="C5">
      <value>100nF</value>
      <footprint>Capacitor_SMD:C_0805_2012Metric</footprint>
      <datasheet>~</datasheet>
      <libsource lib="Device" part="C" description="Unpolarized capacitor"/>
      <sheetpath names="/" tstamps="/"/>
      <tstamp>617EA3CB</tstamp>
    </comp>
    <comp ref="J1">
      <value>Conn_02x12_Odd_Even</value>
      <footprint>Connector_PinHeader_2.54mm:PinHeader_2x12_P2.54mm_Vertical</footprint>
      <datasheet>~</datasheet>
      <libsource lib="Connector_Generic" part="Conn_02x12_Odd_Even" description="Generic connector, double row, 02x12, odd/even pin numbering scheme (row 1 odd numbers, row 2 even numbers), script generated (kicad-library-utils/schlib/autogen/connector/)"/>
      <sheetpath names="/" tstamps="/"/>
      <tstamp>619036D4</tstamp>
    </comp>
    <comp ref="U1">
      <value>TL072</value>
      <footprint>Package_SO:SO-8_5.3x6.2mm_P1.27mm</footprint>
      <datasheet>http://www.ti.com/lit/ds/symlink/tl071.pdf</datasheet>
      <libsource lib="Amplifier_Operational" part="TL072" description="Dual Low-Noise JFET-Input Operational Amplifiers, DIP-8/SOIC-8"/>
      <sheetpath names="/" tstamps="/"/>
      <tstamp>6170B86B</tstamp>
    </comp>
    <comp ref="SW1">
      <value>SW_DIP_x02</value>
      <footprint>Button_Switch_THT:SW_DIP_SPSTx02_Slide_6.7x6.64mm_W7.62mm_P2.54mm_LowProfile</footprint>
      <datasheet>~</datasheet>
      <libsource lib="Switch" part="SW_DIP_x02" description="2x DIP Switch, Single Pole Single Throw (SPST) switch, small symbol"/>
      <sheetpath names="/" tstamps="/"/>
      <tstamp>61949C45</tstamp>
    </comp>
    <comp ref="R13">
      <value>10k</value>
      <footprint>Resistor_SMD:R_0805_2012Metric</footprint>
      <datasheet>~</datasheet>
      <libsource lib="Device" part="R" description="Resistor"/>
      <sheetpath names="/" tstamps="/"/>
      <tstamp>6194C759</tstamp>
    </comp>
    <comp ref="R14">
      <value>10k</value>
      <footprint>Resistor_SMD:R_0805_2012Metric</footprint>
      <datasheet>~</datasheet>
      <libsource lib="Device" part="R" description="Resistor"/>
      <sheetpath names="/" tstamps="/"/>
      <tstamp>61957FEA</tstamp>
    </comp>
    <comp ref="U2">
      <value>MCP46x2-Potentiometer_Digital</value>
      <footprint>Package_SO:MSOP-10_3x3mm_P0.5mm</footprint>
      <libsource lib="mcp46x2-potentiometer_digital" part="MCP46x2-Potentiometer_Digital" description=""/>
      <sheetpath names="/" tstamps="/"/>
      <tstamp>618F9094</tstamp>
    </comp>
    <comp ref="J2">
      <value>Conn_01x03</value>
      <footprint>Connector_PinHeader_2.54mm:PinHeader_1x03_P2.54mm_Vertical</footprint>
      <datasheet>~</datasheet>
      <libsource lib="Connector_Generic" part="Conn_01x03" description="Generic connector, single row, 01x03, script generated (kicad-library-utils/schlib/autogen/connector/)"/>
      <sheetpath names="/" tstamps="/"/>
      <tstamp>6198F8E9</tstamp>
    </comp>
    <comp ref="J3">
      <value>Conn_01x03</value>
      <footprint>Connector_PinHeader_2.54mm:PinHeader_1x03_P2.54mm_Vertical</footprint>
      <datasheet>~</datasheet>
      <libsource lib="Connector_Generic" part="Conn_01x03" description="Generic connector, single row, 01x03, script generated (kicad-library-utils/schlib/autogen/connector/)"/>
      <sheetpath names="/" tstamps="/"/>
      <tstamp>61990E3C</tstamp>
    </comp>
    <comp ref="C7">
      <value>470pF</value>
      <footprint>Capacitor_SMD:C_0805_2012Metric</footprint>
      <datasheet>~</datasheet>
      <libsource lib="Device" part="C" description="Unpolarized capacitor"/>
      <sheetpath names="/" tstamps="/"/>
      <tstamp>61B44A81</tstamp>
    </comp>
    <comp ref="C8">
      <value>470pF</value>
      <footprint>Capacitor_SMD:C_0805_2012Metric</footprint>
      <datasheet>~</datasheet>
      <libsource lib="Device" part="C" description="Unpolarized capacitor"/>
      <sheetpath names="/" tstamps="/"/>
      <tstamp>61B455E4</tstamp>
    </comp>
    <comp ref="J4">
      <value>Conn_01x02</value>
      <footprint>Connector_PinHeader_2.54mm:PinHeader_1x02_P2.54mm_Vertical</footprint>
      <datasheet>~</datasheet>
      <libsource lib="Connector_Generic" part="Conn_01x02" description="Generic connector, single row, 01x02, script generated (kicad-library-utils/schlib/autogen/connector/)"/>
      <sheetpath names="/" tstamps="/"/>
      <tstamp>61B6BD6B</tstamp>
    </comp>
  </components>
  <libparts>
    <libpart lib="Amplifier_Operational" part="LM2904">
      <aliases>
        <alias>LM358</alias>
        <alias>AD8620</alias>
        <alias>LMC6062</alias>
        <alias>LMC6082</alias>
        <alias>TL062</alias>
        <alias>TL072</alias>
        <alias>TL082</alias>
        <alias>NE5532</alias>
        <alias>SA5532</alias>
        <alias>RC4558</alias>
        <alias>RC4560</alias>
        <alias>RC4580</alias>
        <alias>LMV358</alias>
        <alias>TS912</alias>
        <alias>TSV912IDT</alias>
        <alias>TSV912IST</alias>
        <alias>TLC272</alias>
        <alias>TLC277</alias>
        <alias>MCP602</alias>
        <alias>OPA1678</alias>
        <alias>OPA2134</alias>
        <alias>OPA2340</alias>
        <alias>OPA2376xxD</alias>
        <alias>OPA2376xxDGK</alias>
        <alias>MC33078</alias>
        <alias>MC33178</alias>
        <alias>LM4562</alias>
        <alias>OP249</alias>
        <alias>OP275</alias>
        <alias>ADA4075-2</alias>
        <alias>MCP6002-xP</alias>
        <alias>MCP6002-xSN</alias>
        <alias>MCP6002-xMS</alias>
        <alias>LM7332</alias>
        <alias>OPA2333xxD</alias>
        <alias>OPA2333xxDGK</alias>
        <alias>LMC6482</alias>
        <alias>LT1492</alias>
        <alias>LTC6081xMS8</alias>
        <alias>LM6172</alias>
        <alias>MCP6L92</alias>
        <alias>NJM2043</alias>
        <alias>NJM2114</alias>
        <alias>NJM4556A</alias>
        <alias>NJM4558</alias>
        <alias>NJM4559</alias>
        <alias>NJM4560</alias>
        <alias>NJM4580</alias>
        <alias>NJM5532</alias>
        <alias>ADA4807-2ARM</alias>
        <alias>OPA2691</alias>
        <alias>LT6234</alias>
        <alias>OPA2356xxD</alias>
        <alias>OPA2356xxDGK</alias>
        <alias>OPA1612AxD</alias>
        <alias>MC33172</alias>
        <alias>OPA1602</alias>
        <alias>TLV2372</alias>
        <alias>LT6237</alias>
        <alias>OPA2277</alias>
        <alias>MCP6022</alias>
      </aliases>
      <description>Dual Operational Amplifiers, DIP-8/SOIC-8/TSSOP-8/VSSOP-8</description>
      <docs>http://www.ti.com/lit/ds/symlink/lm358.pdf</docs>
      <footprints>
        <fp>SOIC*3.9x4.9mm*P1.27mm*</fp>
        <fp>DIP*W7.62mm*</fp>
        <fp>TO*99*</fp>
        <fp>OnSemi*Micro8*</fp>
        <fp>TSSOP*3x3mm*P0.65mm*</fp>
        <fp>TSSOP*4.4x3mm*P0.65mm*</fp>
        <fp>MSOP*3x3mm*P0.65mm*</fp>
        <fp>SSOP*3.9x4.9mm*P0.635mm*</fp>
        <fp>LFCSP*2x2mm*P0.5mm*</fp>
        <fp>*SIP*</fp>
        <fp>SOIC*5.3x6.2mm*P1.27mm*</fp>
      </footprints>
      <fields>
        <field name="Reference">U</field>
        <field name="Value">LM2904</field>
      </fields>
      <pins>
        <pin num="1" name="~" type="output"/>
        <pin num="2" name="-" type="input"/>
        <pin num="3" name="+" type="input"/>
        <pin num="4" name="V-" type="power_in"/>
        <pin num="5" name="+" type="input"/>
        <pin num="6" name="-" type="input"/>
        <pin num="7" name="~" type="output"/>
        <pin num="8" name="V+" type="power_in"/>
      </pins>
    </libpart>
    <libpart lib="Connector_Generic" part="Conn_01x02">
      <description>Generic connector, single row, 01x02, script generated (kicad-library-utils/schlib/autogen/connector/)</description>
      <docs>~</docs>
      <footprints>
        <fp>Connector*:*_1x??_*</fp>
      </footprints>
      <fields>
        <field name="Reference">J</field>
        <field name="Value">Conn_01x02</field>
      </fields>
      <pins>
        <pin num="1" name="Pin_1" type="passive"/>
        <pin num="2" name="Pin_2" type="passive"/>
      </pins>
    </libpart>
    <libpart lib="Connector_Generic" part="Conn_01x03">
      <description>Generic connector, single row, 01x03, script generated (kicad-library-utils/schlib/autogen/connector/)</description>
      <docs>~</docs>
      <footprints>
        <fp>Connector*:*_1x??_*</fp>
      </footprints>
      <fields>
        <field name="Reference">J</field>
        <field name="Value">Conn_01x03</field>
      </fields>
      <pins>
        <pin num="1" name="Pin_1" type="passive"/>
        <pin num="2" name="Pin_2" type="passive"/>
        <pin num="3" name="Pin_3" type="passive"/>
      </pins>
    </libpart>
    <libpart lib="Connector_Generic" part="Conn_02x12_Odd_Even">
      <description>Generic connector, double row, 02x12, odd/even pin numbering scheme (row 1 odd numbers, row 2 even numbers), script generated (kicad-library-utils/schlib/autogen/connector/)</description>
      <docs>~</docs>
      <footprints>
        <fp>Connector*:*_2x??_*</fp>
      </footprints>
      <fields>
        <field name="Reference">J</field>
        <field name="Value">Conn_02x12_Odd_Even</field>
      </fields>
      <pins>
        <pin num="1" name="Pin_1" type="passive"/>
        <pin num="2" name="Pin_2" type="passive"/>
        <pin num="3" name="Pin_3" type="passive"/>
        <pin num="4" name="Pin_4" type="passive"/>
        <pin num="5" name="Pin_5" type="passive"/>
        <pin num="6" name="Pin_6" type="passive"/>
        <pin num="7" name="Pin_7" type="passive"/>
        <pin num="8" name="Pin_8" type="passive"/>
        <pin num="9" name="Pin_9" type="passive"/>
        <pin num="10" name="Pin_10" type="passive"/>
        <pin num="11" name="Pin_11" type="passive"/>
        <pin num="12" name="Pin_12" type="passive"/>
        <pin num="13" name="Pin_13" type="passive"/>
        <pin num="14" name="Pin_14" type="passive"/>
        <pin num="15" name="Pin_15" type="passive"/>
        <pin num="16" name="Pin_16" type="passive"/>
        <pin num="17" name="Pin_17" type="passive"/>
        <pin num="18" name="Pin_18" type="passive"/>
        <pin num="19" name="Pin_19" type="passive"/>
        <pin num="20" name="Pin_20" type="passive"/>
        <pin num="21" name="Pin_21" type="passive"/>
        <pin num="22" name="Pin_22" type="passive"/>
        <pin num="23" name="Pin_23" type="passive"/>
        <pin num="24" name="Pin_24" type="passive"/>
      </pins>
    </libpart>
    <libpart lib="Device" part="C">
      <description>Unpolarized capacitor</description>
      <docs>~</docs>
      <footprints>
        <fp>C_*</fp>
      </footprints>
      <fields>
        <field name="Reference">C</field>
        <field name="Value">C</field>
      </fields>
      <pins>
        <pin num="1" name="~" type="passive"/>
        <pin num="2" name="~" type="passive"/>
      </pins>
    </libpart>
    <libpart lib="Device" part="D">
      <description>Diode</description>
      <docs>~</docs>
      <footprints>
        <fp>TO-???*</fp>
        <fp>*_Diode_*</fp>
        <fp>*SingleDiode*</fp>
        <fp>D_*</fp>
      </footprints>
      <fields>
        <field name="Reference">D</field>
        <field name="Value">D</field>
      </fields>
      <pins>
        <pin num="1" name="K" type="passive"/>
        <pin num="2" name="A" type="passive"/>
      </pins>
    </libpart>
    <libpart lib="Device" part="R">
      <description>Resistor</description>
      <docs>~</docs>
      <footprints>
        <fp>R_*</fp>
      </footprints>
      <fields>
        <field name="Reference">R</field>
        <field name="Value">R</field>
      </fields>
      <pins>
        <pin num="1" name="~" type="passive"/>
        <pin num="2" name="~" type="passive"/>
      </pins>
    </libpart>
    <libpart lib="Switch" part="SW_DIP_x02">
      <description>2x DIP Switch, Single Pole Single Throw (SPST) switch, small symbol</description>
      <docs>~</docs>
      <footprints>
        <fp>SW?DIP?x2*</fp>
      </footprints>
      <fields>
        <field name="Reference">SW</field>
        <field name="Value">SW_DIP_x02</field>
      </fields>
      <pins>
        <pin num="1" name="~" type="passive"/>
        <pin num="2" name="~" type="passive"/>
        <pin num="3" name="~" type="passive"/>
        <pin num="4" name="~" type="passive"/>
      </pins>
    </libpart>
    <libpart lib="Transistor_BJT" part="2N3904">
      <description>0.2A Ic, 40V Vce, Small Signal NPN Transistor, TO-92</description>
      <docs>https://www.fairchildsemi.com/datasheets/2N/2N3904.pdf</docs>
      <footprints>
        <fp>TO?92*</fp>
      </footprints>
      <fields>
        <field name="Reference">Q</field>
        <field name="Value">2N3904</field>
        <field name="Footprint">Package_TO_SOT_THT:TO-92_Inline</field>
      </fields>
      <pins>
        <pin num="1" name="E" type="passive"/>
        <pin num="2" name="B" type="passive"/>
        <pin num="3" name="C" type="passive"/>
      </pins>
    </libpart>
    <libpart lib="mcp46x2-potentiometer_digital" part="MCP46x2-Potentiometer_Digital">
      <footprints>
        <fp>MSOP*3x3mm*P0.5mm*</fp>
      </footprints>
      <fields>
        <field name="Reference">U</field>
        <field name="Value">MCP46x2-Potentiometer_Digital</field>
        <field name="Footprint">Package_SO:MSOP-10_3x3mm_P0.5mm</field>
      </fields>
      <pins>
        <pin num="1" name="A0" type="input"/>
        <pin num="2" name="SCL" type="passive"/>
        <pin num="3" name="SDA" type="passive"/>
        <pin num="4" name="VSS" type="power_in"/>
        <pin num="5" name="P1B" type="passive"/>
        <pin num="6" name="P1W" type="input"/>
        <pin num="7" name="P0W" type="input"/>
        <pin num="8" name="P0B" type="BiDi"/>
        <pin num="9" name="A1" type="input"/>
        <pin num="10" name="VDD" type="passive"/>
      </pins>
    </libpart>
  </libparts>
  <libraries>
    <library logical="Amplifier_Operational">
      <uri>C:\Program Files\KiCad\share\kicad\library/Amplifier_Operational.lib</uri>
    </library>
    <library logical="Connector_Generic">
      <uri>C:\Program Files\KiCad\share\kicad\library/Connector_Generic.lib</uri>
    </library>
    <library logical="Device">
      <uri>C:\Program Files\KiCad\share\kicad\library/Device.lib</uri>
    </library>
    <library logical="Switch">
      <uri>C:\Program Files\KiCad\share\kicad\library/Switch.lib</uri>
    </library>
    <library logical="Transistor_BJT">
      <uri>C:\Program Files\KiCad\share\kicad\library/Transistor_BJT.lib</uri>
    </library>
    <library logical="mcp46x2-potentiometer_digital">
      <uri>C:\Important\OneDrive\Documents\ECEN\ECEN494\bassDrum\datasheets\bassdrumpcb\bassDrum/mcp46x2-potentiometer_digital.lib</uri>
    </library>
  </libraries>
  <nets>
    <net code="1" name="A0">
      <node ref="SW1" pin="4"/>
      <node ref="R14" pin="1"/>
      <node ref="U2" pin="1"/>
    </net>
    <net code="2" name="GND">
      <node ref="J1" pin="13"/>
      <node ref="U1" pin="5"/>
      <node ref="J1" pin="14"/>
      <node ref="C8" pin="1"/>
      <node ref="R14" pin="2"/>
      <node ref="J1" pin="8"/>
      <node ref="J2" pin="1"/>
      <node ref="J3" pin="1"/>
      <node ref="R4" pin="2"/>
      <node ref="C1" pin="2"/>
      <node ref="C7" pin="1"/>
      <node ref="D1" pin="2"/>
      <node ref="J4" pin="2"/>
      <node ref="R13" pin="2"/>
      <node ref="R12" pin="2"/>
      <node ref="U2" pin="4"/>
      <node ref="J1" pin="7"/>
    </net>
    <net code="3" name="-12V">
      <node ref="U1" pin="4"/>
      <node ref="C8" pin="2"/>
      <node ref="J1" pin="12"/>
      <node ref="J1" pin="11"/>
    </net>
    <net code="4" name="A1">
      <node ref="SW1" pin="3"/>
      <node ref="U2" pin="9"/>
      <node ref="R13" pin="1"/>
    </net>
    <net code="5" name="P1In">
      <node ref="U2" pin="6"/>
      <node ref="R10" pin="2"/>
    </net>
    <net code="6" name="P1Out">
      <node ref="U2" pin="5"/>
      <node ref="J3" pin="2"/>
    </net>
    <net code="7" name="Net-(C2-Pad2)">
      <node ref="C2" pin="2"/>
      <node ref="U1" pin="3"/>
    </net>
    <net code="8" name="5V">
      <node ref="SW1" pin="1"/>
      <node ref="SW1" pin="2"/>
      <node ref="U2" pin="10"/>
      <node ref="J1" pin="15"/>
      <node ref="J1" pin="16"/>
    </net>
    <net code="9" name="Net-(U1-Pad6)">
      <node ref="U1" pin="6"/>
      <node ref="U1" pin="7"/>
    </net>
    <net code="10" name="BassOUT">
      <node ref="R12" pin="1"/>
      <node ref="J4" pin="1"/>
      <node ref="C6" pin="1"/>
    </net>
    <net code="11" name="P0Out">
      <node ref="U2" pin="8"/>
      <node ref="J2" pin="2"/>
    </net>
    <net code="12" name="Net-(J3-Pad3)">
      <node ref="J3" pin="3"/>
    </net>
    <net code="13" name="Net-(J2-Pad3)">
      <node ref="J2" pin="3"/>
    </net>
    <net code="14" name="P0In">
      <node ref="R6" pin="2"/>
      <node ref="U2" pin="7"/>
    </net>
    <net code="15" name="+12V">
      <node ref="J1" pin="9"/>
      <node ref="J1" pin="10"/>
      <node ref="R2" pin="1"/>
      <node ref="R3" pin="1"/>
      <node ref="R5" pin="1"/>
      <node ref="C7" pin="2"/>
      <node ref="U1" pin="8"/>
    </net>
    <net code="16" name="Net-(C2-Pad1)">
      <node ref="Q2" pin="3"/>
      <node ref="R5" pin="2"/>
      <node ref="C2" pin="1"/>
    </net>
    <net code="17" name="Net-(Q1-Pad1)">
      <node ref="Q1" pin="1"/>
      <node ref="Q2" pin="1"/>
      <node ref="R4" pin="1"/>
    </net>
    <net code="18" name="Net-(C5-Pad2)">
      <node ref="C5" pin="2"/>
      <node ref="R10" pin="1"/>
    </net>
    <net code="19" name="Net-(C5-Pad1)">
      <node ref="R9" pin="2"/>
      <node ref="C5" pin="1"/>
      <node ref="R8" pin="1"/>
    </net>
    <net code="20" name="Net-(C3-Pad2)">
      <node ref="C4" pin="1"/>
      <node ref="R6" pin="1"/>
      <node ref="C3" pin="2"/>
    </net>
    <net code="21" name="Net-(Q1-Pad3)">
      <node ref="R3" pin="2"/>
      <node ref="Q2" pin="2"/>
      <node ref="Q1" pin="3"/>
    </net>
    <net code="22" name="Net-(C1-Pad1)">
      <node ref="R1" pin="2"/>
      <node ref="C1" pin="1"/>
      <node ref="D1" pin="1"/>
      <node ref="Q1" pin="2"/>
      <node ref="R2" pin="2"/>
    </net>
    <net code="23" name="DET">
      <node ref="J1" pin="17"/>
      <node ref="J1" pin="18"/>
    </net>
    <net code="24" name="A_OUT_R">
      <node ref="J1" pin="3"/>
      <node ref="J1" pin="4"/>
    </net>
    <net code="25" name="TRIG">
      <node ref="J1" pin="24"/>
      <node ref="R1" pin="1"/>
      <node ref="J1" pin="23"/>
    </net>
    <net code="26" name="SDA">
      <node ref="U2" pin="3"/>
      <node ref="J1" pin="22"/>
      <node ref="J1" pin="21"/>
    </net>
    <net code="27" name="SCL">
      <node ref="U2" pin="2"/>
      <node ref="J1" pin="20"/>
      <node ref="J1" pin="19"/>
    </net>
    <net code="28" name="A_OUT_L">
      <node ref="J1" pin="2"/>
      <node ref="J1" pin="1"/>
    </net>
    <net code="29" name="A_IN">
      <node ref="J1" pin="6"/>
      <node ref="J1" pin="5"/>
    </net>
    <net code="30" name="Net-(C3-Pad1)">
      <node ref="R7" pin="2"/>
      <node ref="C3" pin="1"/>
      <node ref="R8" pin="2"/>
      <node ref="U1" pin="2"/>
    </net>
    <net code="31" name="Net-(C6-Pad2)">
      <node ref="C6" pin="2"/>
      <node ref="R11" pin="1"/>
    </net>
    <net code="32" name="Net-(C4-Pad2)">
      <node ref="R7" pin="1"/>
      <node ref="R9" pin="1"/>
      <node ref="U1" pin="1"/>
      <node ref="C4" pin="2"/>
      <node ref="R11" pin="2"/>
    </net>
  </nets>
</export>
